Top queries,Clicks,Impressions,CTR,Position
global security solutions,22,126,17.46%,4.99
global security,3,132,2.27%,5.47
global security systems,3,54,5.56%,53.81
global security newcastle,3,20,15%,8.45
global security company,2,43,4.65%,6.53
global security services,1,123,0.81%,7.59
global security email address,1,36,2.78%,7.22
security repairs,1,12,8.33%,13.33
global security services office address,1,5,20%,6
security camera repair,1,4,25%,6.25
complex access control systems,1,2,50%,1
security stores near me,1,2,50%,1
dsc,1,1,100%,1
global security system,1,1,100%,1
gss cctv,1,1,100%,1
global security solution,1,1,100%,2
security companies for schools,1,1,100%,2
security solutions,0,220,0%,36.07
home security systems installers,0,44,0%,3.77
estate security services,0,38,0%,40.08
estate security,0,38,0%,61.05
commercial security system installation,0,37,0%,21.08
nemtek cape town,0,34,0%,19.12
security system integration,0,30,0%,18.87
security integration systems,0,23,0%,14.35
fence installer,0,23,0%,71.91
security systems integration companies,0,21,0%,16.62
commercial surveillance,0,20,0%,5.35
security system integrations,0,20,0%,12.45
alarm installers cape town,0,17,0%,9.35
electronic security integration,0,17,0%,15.29
security systems,0,17,0%,53
•fire and security systems installation south africa,0,17,0%,75.94
business security solutions,0,16,0%,34.25
security and fire integrations,0,15,0%,15.2
estate security solutions south africa,0,15,0%,20.33
global security services contact number,0,14,0%,9.71
residential security solutions,0,14,0%,69.5
security in estate,0,13,0%,1
security systems cape town,0,13,0%,13.38
commercial security,0,13,0%,22.92
residential estate security,0,13,0%,73.31
global security holdings,0,10,0%,9.8
durbanville security companies,0,10,0%,13.7
alarm integration,0,10,0%,13.9
cctv integrator,0,10,0%,15.6
access control installer,0,10,0%,43.5
access control installers cape town,0,9,0%,14
commercial security monitoring companies,0,9,0%,17.44
security systems for estates,0,9,0%,28.56
integrated security systems,0,9,0%,68.67
globe security,0,8,0%,7.25
alarm systems cape town,0,8,0%,14.12
commercial security monitoring,0,8,0%,17.12
home security system installers,0,8,0%,18.62
security system installation,0,8,0%,25.12
security alarm company,0,8,0%,43.62
integrated security platform,0,8,0%,78.25
it security solutions,0,7,0%,1
security installation companies,0,7,0%,5.14
alarm installers near me,0,7,0%,10.14
commercial cctv security services,0,7,0%,13.43
security camera installation cape town,0,7,0%,23.71
business alarm monitoring,0,7,0%,27
security camera installers cape town,0,7,0%,29.14
security estate,0,6,0%,1
security companies durbanville,0,6,0%,3.67
access control system biometric durban,0,6,0%,22.17
cctv integration,0,6,0%,26.67
school security systems,0,5,0%,6
alarm repairs,0,5,0%,6.8
security installers near me,0,5,0%,9.4
premium security systems,0,5,0%,12.2
alarm companies cape town,0,5,0%,12.6
commercial alarms,0,5,0%,29.2
global alarms,0,4,0%,2.25
security solutions company,0,4,0%,3.25
alarm system installation near me,0,4,0%,4.25
security store near me,0,4,0%,4.75
school security companies,0,4,0%,5.25
security system company,0,4,0%,8
security companies in montague gardens,0,4,0%,8.75
security installers,0,4,0%,14.25
access control integrator,0,4,0%,15.75
security systems integrator,0,4,0%,24.5
student security system,0,4,0%,26.25
full range security services,0,4,0%,39.5
visitor management system south africa,0,4,0%,61.25
security systems south africa,0,4,0%,69
global alarm security,0,3,0%,2.33
global repairs,0,3,0%,5.67
global security & communication company,0,3,0%,5.67
alarm system repairs,0,3,0%,6.67
reliable security services,0,3,0%,8
security systems schools,0,3,0%,9
global installations,0,3,0%,10.33
commercial security solutions,0,3,0%,11.67
security system maintenance,0,3,0%,16.33
security cameras distributor cape town,0,3,0%,24.67
security systems for business,0,3,0%,27.67
estate access control,0,3,0%,38
security services for commercial buildings,0,3,0%,40.67
end-to-end security systems,0,3,0%,41
global security solutions limited,0,3,0%,54.33
electric fence installer,0,3,0%,56.67
integrated security,0,3,0%,79
property access control systems,0,3,0%,86.67
alexander security company,0,2,0%,1
global garage door,0,2,0%,1
global security companies,0,2,0%,1
world wide security,0,2,0%,1.5
security system integrator,0,2,0%,2.5
global secure solutions,0,2,0%,3
gsc,0,2,0%,3
global solutions company,0,2,0%,4
security companies close to me,0,2,0%,4
global alarm systems,0,2,0%,5
secure global solutions,0,2,0%,5
global security vacancies,0,2,0%,6
global security co,0,2,0%,6.5
global solutions,0,2,0%,6.5
cape global solutions,0,2,0%,7.5
home alarm repairs,0,2,0%,7.5
home security solutions,0,2,0%,7.5
go security solutions,0,2,0%,8
alarm company near me,0,2,0%,8.5
global security force,0,2,0%,9
security shop near me within 1.6 km,0,2,0%,10.5
alarm system repair,0,2,0%,11
security system,0,2,0%,11.5
security solution,0,2,0%,12
security companies century city cape town,0,2,0%,14.5
commercial security systems,0,2,0%,17.5
rg security solutions,0,2,0%,19.5
commercial building security solutions,0,2,0%,20
commercial building security systems,0,2,0%,20
access control cape town,0,2,0%,22.5
commercial building security,0,2,0%,23.5
business security alarm monitoring service,0,2,0%,25.5
security companies in brackenfell,0,2,0%,31.5
security systems integration,0,2,0%,37
prison intercom system,0,2,0%,38
commercial security services,0,2,0%,41
global security and communications,0,2,0%,47
global security integrators,0,2,0%,50.5
access control installers,0,2,0%,55.5
integrated security systems solutions,0,2,0%,58
commercial property security,0,2,0%,69
access control installation companies,0,2,0%,72.5
security,0,2,0%,84.5
alarm system,0,1,0%,1
avid security email address,0,1,0%,1
commercial grade security system,0,1,0%,1
fire alarm companies near me,0,1,0%,1
for cape,0,1,0%,1
global secu,0,1,0%,1
global security contact number,0,1,0%,1
global solution,0,1,0%,1
global solutions security,0,1,0%,1
grid security services,0,1,0%,1
home security cape town,0,1,0%,1
house alarm system installation,0,1,0%,1
integrated cctv and alarm system,0,1,0%,1
newcastle security companies,0,1,0%,1
northern security company,0,1,0%,1
perimeter cctv,0,1,0%,1
remote access control,0,1,0%,1
security companies in durban that are hiring near me,0,1,0%,1
security companies in kraaifontein,0,1,0%,1
security companies near me,0,1,0%,1
security doors for sale,0,1,0%,1
security integration solutions,0,1,0%,1
security newcastle,0,1,0%,1
security shop near me,0,1,0%,1
security surveillance,0,1,0%,1
security system repairs near me,0,1,0%,1
security training in newcastle kzn,0,1,0%,1
security world,0,1,0%,1
solution security,0,1,0%,1
solutions security,0,1,0%,1
where to buy security doors near me,0,1,0%,1
wireless security beams for outdoors,0,1,0%,1
wold security,0,1,0%,1
global scope security,0,1,0%,2
global secur,0,1,0%,2
global security specialists,0,1,0%,2
global system,0,1,0%,2
house alarm system,0,1,0%,2
office security system installation,0,1,0%,2
same day security system installation,0,1,0%,2
security integrator company,0,1,0%,2
security maintenance services,0,1,0%,2
security systems near me,0,1,0%,2
thompson security tygervalley contact details,0,1,0%,2
complex security solutions,0,1,0%,3
global installation,0,1,0%,3
global monitoring solutions company,0,1,0%,3
alarm monitoring companies near me,0,1,0%,4
global it security solutions company,0,1,0%,4
worldwide alarm services company,0,1,0%,4
alarm system installers near me,0,1,0%,5
global security service,0,1,0%,5
home alarm repair,0,1,0%,5
home security installation companies,0,1,0%,5
security alarm repairs near me,0,1,0%,5
security firms,0,1,0%,5
souther suburbs,0,1,0%,5
world security,0,1,0%,5
contact,0,1,0%,6
global vision security company,0,1,0%,6
systems control integration,0,1,0%,6
global protection systems company,0,1,0%,7
global security africa,0,1,0%,7
global security sa,0,1,0%,7
home security systems installers near me,0,1,0%,7
linked security,0,1,0%,7
security system solutions,0,1,0%,7
gss security office,0,1,0%,8
alarm system installer near me,0,1,0%,9
bell city,0,1,0%,9
cape town,0,1,0%,9
global network security cameras,0,1,0%,9
global security group,0,1,0%,9
global security specialist,0,1,0%,9
intergrated security,0,1,0%,9
luxury security system,0,1,0%,9
security remotes near me,0,1,0%,9
alarm servicing near me,0,1,0%,10
alarm system repairs near me,0,1,0%,10
cctv and alarm installation courses,0,1,0%,10
global access systems,0,1,0%,10
security alarm repair,0,1,0%,10
security system upgrades,0,1,0%,10
global security services company,0,1,0%,11
security alarm repairs,0,1,0%,11
alarm shop near me,0,1,0%,12
security company durbanville,0,1,0%,13
security solutions for home,0,1,0%,13
security alarm system repair,0,1,0%,14
fix alarm system,0,1,0%,15
security and surveillance solutions,0,1,0%,15
security surveillance solutions,0,1,0%,17
security companies kraaifontein,0,1,0%,18
systems integration cape town,0,1,0%,18
residential estate access control systems,0,1,0%,19
security companies in durbanville,0,1,0%,19
security solution services,0,1,0%,20
"""uniview""",0,1,0%,21
outdoor alarm beams,0,1,0%,21
lta global security solutions,0,1,0%,22
system solution,0,1,0%,26
security cameras near me,0,1,0%,28
security gates,0,1,0%,28
security system repair,0,1,0%,28
yes please,0,1,0%,31
industrial security systems,0,1,0%,32
security cameras,0,1,0%,37
security systems integrator south africa,0,1,0%,37
ip camera suppliers,0,1,0%,38
lta global security,0,1,0%,38
security systems company,0,1,0%,40
security companies kuilsriver,0,1,0%,41
security system za,0,1,0%,42
cctv cameras cape town,0,1,0%,43
security audit services,0,1,0%,48
security company near me,0,1,0%,51
security installation,0,1,0%,52
electric fence service,0,1,0%,54
security companies cape town,0,1,0%,55
global security solutions ltd,0,1,0%,56
security alarm systems company,0,1,0%,56
security company cape town,0,1,0%,59
integrated security solutions,0,1,0%,60
security integration services,0,1,0%,62
"""global security"" -cyber",0,1,0%,69
security shop cape town,0,1,0%,74
global security solutions inc,0,1,0%,75
security global solutions,0,1,0%,79
cctv installation near me,0,1,0%,80
smart home cape town,0,1,0%,81
security company,0,1,0%,83
security system installer,0,1,0%,86
security solutions provider,0,1,0%,88
security companies,0,1,0%,92
business security system,0,1,0%,97
home security system,0,1,0%,98
companies in newcastle kzn,0,1,0%,121
perimeter monitoring systems email,0,1,0%,153